{
    "vendorID": 1118,
    "productID": 56,
    "joysticks": [
        {
            "name": "center",
            "x": {
                "pin": 0
            },
            "y": {
                "pin": 1
            }
        }
    ],
    "buttons": [
        {
            "value": 1,
            "pin": 4,
            "name": "1"
        },
        {
            "value": 2,
            "pin": 4,
            "name": "2"
        },
        {
            "value": 4,
            "pin": 4,
            "name": "3"
        },
        {
            "value": 8,
            "pin": 4,
            "name": "4"
        },
        {
            "value": 16,
            "pin": 4,
            "name": "5"
        },
        {
            "value": 32,
            "pin": 4,
            "name": "6"
        },
        {
            "value": 64,
            "pin": 4,
            "name": "7"
        },
        {
            "value": 128,
            "pin": 4,
            "name": "8"
        }
    ],
    "status": [
        {
            "pin": 5,
            "name": "hat",
            "states": [
                { "value": 0, "state": "up" },
                { "value": 32, "state": "right" },
                { "value": 64, "state": "down" },
                { "value": 96, "state": "left" },
                { "value": 128, "state": "center" }
            ]
        },
        {
            "pin": 2,
            "name": "jaw",
            "states": [
                { "value": 0, "state": "left" },
                { "value": 128, "state": "center" },
                { "value": 255, "state": "right" }
            ]
        },
        {
            "pin": 3,
            "name": "throttle",
            "states": [
                { "value": 255, "state": "0%" },
                { "value": 225, "state": "10%" },
                { "value": 200, "state": "20%" },
                { "value": 175, "state": "30%" },
                { "value": 150, "state": "40%" },
                { "value": 125, "state": "50%" },
                { "value": 100, "state": "60%" },
                { "value": 75, "state": "70%" },
                { "value": 50, "state": "80%" },
                { "value": 25, "state": "90%" },
                { "value": 0, "state": "100%" }
            ]
        }
    ]
}
